tb,adc
0,-18.15
1,1.85001
2,0.850006
3,1.85001
4,2.85001
5,5.85001
6,2.85001
7,4.85001
8,4.85001
9,0.850006
10,-2.14999
11,-3.14999
12,-4.14999
13,-2.14999
14,-3.14999
15,-3.14999
16,0.850006
17,1.85001
18,3.85001
19,2.85001
20,-2.14999
21,-2.14999
22,-4.14999
23,-2.14999
24,-1.14999
25,0.850006
26,-1.14999
27,6.85001
28,3.85001
29,1.85001
30,1.85001
31,-2.14999
32,3.85001
33,2.85001
34,3.85001
35,2.85001
36,3.85001
37,6.85001
38,2.85001
39,6.85001
40,6.85001
41,5.85001
42,5.85001
43,6.85001
44,4.85001
45,3.85001
46,7.85001
47,7.85001
48,11.85
49,8.85001
50,10.85
51,3.85001
52,4.85001
53,1.85001
54,3.85001
55,4.85001
56,7.85001
57,8.85001
58,7.85001
59,6.85001
60,7.85001
61,9.85001
62,9.85001
63,9.85001
64,11.85
65,10.85
66,14.85
67,17.85
68,19.85
69,23.85
70,24.85
71,32.85
72,40.85
73,59.85
74,71.85
75,84.85
76,94.85
77,99.85
78,100.85
79,98.85
80,96.85
81,93.85
82,86.85
83,78.85
84,73.85
85,67.85
86,59.85
87,52.85
88,44.85
89,41.85
90,36.85
91,31.85
92,26.85
93,20.85
94,19.85
95,13.85
96,18.85
97,16.85
98,15.85
99,17.85
100,12.85
101,10.85
102,11.85
103,13.85
104,13.85
105,14.85
106,11.85
107,10.85
108,6.85001
109,4.85001
110,4.85001
111,4.85001
112,3.85001
113,3.85001
114,2.85001
115,3.85001
116,4.85001
117,8.85001
118,3.85001
119,10.85
120,12.85
121,9.85001
122,9.85001
123,11.85
124,10.85
125,11.85
126,6.85001
127,9.85001
128,12.85
129,14.85
130,13.85
131,20.85
132,19.85
133,25.85
134,27.85
135,32.85
136,34.85
137,36.85
138,46.85
139,50.85
140,60.85
141,75.85
142,87.85
143,106.85
144,128.85
145,156.85
146,195.85
147,241.85
148,276.85
149,313.85
150,349.85
151,408.85
152,472.85
153,538.85
154,599.85
155,646.85
156,666.85
157,666.85
158,640.85
159,612.85
160,569.85
161,527.85
162,486.85
163,445.85
164,402.85
165,370.85
166,340.85
167,310.85
168,287.85
169,262.85
170,236.85
171,207.85
172,188.85
173,169.85
174,148.85
175,125.85
176,114.85
177,98.85
178,81.85
179,70.85
180,58.85
181,47.85
182,42.85
183,40.85
184,33.85
185,26.85
186,27.85
187,21.85
188,19.85
189,16.85
190,11.85
191,6.85001
192,6.85001
193,-3.14999
194,2.85001
195,-0.149994
196,-0.149994
197,-0.149994
198,-3.14999
199,-3.14999
200,-6.14999
201,-9.14999
202,-9.14999
203,-9.14999
204,-8.14999
205,-7.14999
206,-9.14999
207,-10.15
208,-8.14999
209,-10.15
210,-8.14999
211,-6.14999
212,-6.14999
213,-8.14999
214,-6.14999
215,-10.15
216,-5.14999
217,-10.15
218,-8.14999
219,-9.14999
220,-8.14999
221,-7.14999
222,-8.14999
223,-6.14999
224,-6.14999
225,-9.14999
226,-10.15
227,-7.14999
228,-8.14999
229,-9.14999
230,-12.15
231,-11.15
232,-11.15
233,-10.15
234,-7.14999
235,-6.14999
236,-10.15
237,-10.15
238,-10.15
239,-10.15
240,-11.15
241,-9.14999
242,-12.15
243,-11.15
244,-10.15
245,-10.15
246,-7.14999
247,-10.15
248,-10.15
249,-11.15
250,-10.15
251,-11.15
252,-10.15
253,-5.14999
254,-7.14999
255,-8.14999
256,-10.15
257,-9.14999
258,-6.14999
259,-7.14999
260,-11.15
261,-6.14999
262,-9.14999
263,-9.14999
264,-4.14999
265,-7.14999
266,-8.14999
267,-8.14999
268,-7.14999
269,-7.14999
270,-8.14999
271,-8.14999
272,-8.14999
273,-7.14999
274,-9.14999
275,-9.14999
276,-13.15
277,-10.15
278,-15.15
279,-13.15
280,-7.14999
281,-10.15
282,-12.15
283,-10.15
284,-11.15
285,-10.15
286,-12.15
287,-13.15
288,-10.15
289,-10.15
290,-8.14999
291,-6.14999
292,-8.14999
293,-10.15
294,-8.14999
295,-8.14999
296,-8.14999
297,-9.14999
298,-5.14999
299,-6.14999
300,-0.149994
301,-4.14999
302,-5.14999
303,-5.14999
304,-4.14999
305,-1.14999
306,0.850006
307,-4.14999
308,-4.14999
309,-6.14999
310,-5.14999
311,-6.14999
312,-9.14999
313,-12.15
314,-9.14999
315,-9.14999
316,-5.14999
317,-10.15
318,-8.14999
319,-11.15
320,-12.15
321,-10.15
322,-8.14999
323,-7.14999
324,-6.14999
325,-4.14999
326,-3.14999
327,-5.14999
328,-5.14999
329,-8.14999
330,-6.14999
331,-6.14999
332,-7.14999
333,-4.14999
334,-5.14999
335,-4.14999
336,-6.14999
337,-5.14999
338,-8.14999
339,-4.14999
340,-4.14999
341,-5.14999
342,-5.14999
343,-8.14999
344,-9.14999
345,-8.14999
346,-9.14999
347,-8.14999
348,-7.14999
349,-9.14999
350,-8.14999
351,-7.14999
352,-7.14999
353,-5.14999
354,-4.14999
355,-7.14999
356,-9.14999
357,-5.14999
358,-6.14999
359,-4.14999
360,-0.149994
361,-0.149994
362,-4.14999
363,-5.14999
364,-7.14999
365,-10.15
366,-7.14999
367,-7.14999
368,-1.14999
369,-1.14999
370,-0.149994
371,-3.14999
372,-4.14999
373,-0.149994
374,-1.14999
375,-0.149994
376,-2.14999
377,-2.14999
378,-5.14999
379,-6.14999
380,-2.14999
381,-5.14999
382,-3.14999
383,-5.14999
384,-7.14999
385,-1.14999
386,-2.14999
387,-3.14999
388,-5.14999
389,-5.14999
390,-5.14999
391,-4.14999
392,-3.14999
393,-2.14999
394,-7.14999
395,-3.14999
396,-2.14999
397,2.85001
398,-3.14999
399,-5.14999
400,-3.14999
401,-2.14999
402,-6.14999
403,-3.14999
404,-1.14999
405,-2.14999
406,-6.14999
407,-4.14999
408,-4.14999
409,1.85001
410,-0.149994
411,-1.14999
412,-4.14999
413,-5.14999
414,-3.14999
415,-0.149994
416,-2.14999
417,-3.14999
418,-0.149994
419,-1.14999
420,2.85001
421,-3.14999
422,-2.14999
423,-4.14999
424,-2.14999
425,-7.14999
426,-4.14999
427,-3.14999
428,-5.14999
429,-2.14999
430,-2.14999
431,-1.14999
432,-1.14999
433,-3.14999
434,-0.149994
435,-1.14999
436,-2.14999
437,-2.14999
438,-6.14999
439,-5.14999
440,-4.14999
441,-4.14999
442,-1.14999
443,3.85001
444,-0.149994
445,4.85001
446,0.850006
447,-0.149994
448,2.85001
449,0.850006
450,1.85001
451,2.85001
452,-3.14999
453,-2.14999
454,-2.14999
455,-4.14999
456,-2.14999
457,-2.14999
458,-1.14999
459,-2.14999
460,-3.14999
461,-5.14999
462,-0.149994
463,-3.14999
464,-1.14999
465,-2.14999
466,-5.14999
467,-4.14999
468,-5.14999
469,-3.14999
470,-3.14999
471,-2.14999
472,-1.14999
473,-3.14999
474,1.85001
475,0.850006
476,-1.14999
477,1.85001
478,7.85001
479,5.85001
480,-0.149994
481,-0.149994
482,-6.14999
483,-6.14999
484,-3.14999
485,-3.14999
486,-1.14999
487,-3.14999
488,-6.14999
489,-4.14999
490,-7.14999
491,-4.14999
492,-2.14999
493,-0.149994
494,1.85001
495,0.850006
496,1.85001
497,1.85001
498,-1.14999
499,-5.14999
500,-4.14999
501,-1.14999
502,-4.14999
503,-4.14999
504,-1.14999
505,-6.14999
506,-10.15
507,-7.14999
508,-4.14999
509,1.85001
510,2.85001
511,14.85
