pad,mult,tb,adc
2047,1,0,-32.15
2047,1,1,-2.14999
2047,1,2,-0.149994
2047,1,3,-2.14999
2047,1,4,0.850006
2047,1,5,4.85001
2047,1,6,5.85001
2047,1,7,3.85001
2047,1,8,5.85001
2047,1,9,3.85001
2047,1,10,1.85001
2047,1,11,-0.149994
2047,1,12,-4.14999
2047,1,13,-0.149994
2047,1,14,3.85001
2047,1,15,1.85001
2047,1,16,0.850006
2047,1,17,1.85001
2047,1,18,1.85001
2047,1,19,3.85001
2047,1,20,-0.149994
2047,1,21,-2.14999
2047,1,22,-2.14999
2047,1,23,1.85001
2047,1,24,-2.14999
2047,1,25,1.85001
2047,1,26,1.85001
2047,1,27,-2.14999
2047,1,28,-3.14999
2047,1,29,1.85001
2047,1,30,1.85001
2047,1,31,-0.149994
2047,1,32,2.85001
2047,1,33,6.85001
2047,1,34,10.85
2047,1,35,9.85001
2047,1,36,7.85001
2047,1,37,6.85001
2047,1,38,4.85001
2047,1,39,5.85001
2047,1,40,5.85001
2047,1,41,-1.14999
2047,1,42,0.850006
2047,1,43,2.85001
2047,1,44,4.85001
2047,1,45,5.85001
2047,1,46,1.85001
2047,1,47,3.85001
2047,1,48,3.85001
2047,1,49,1.85001
2047,1,50,5.85001
2047,1,51,3.85001
2047,1,52,-2.14999
2047,1,53,-2.14999
2047,1,54,4.85001
2047,1,55,-3.14999
2047,1,56,-2.14999
2047,1,57,-1.14999
2047,1,58,2.85001
2047,1,59,-1.14999
2047,1,60,4.85001
2047,1,61,4.85001
2047,1,62,4.85001
2047,1,63,11.85
2047,1,64,6.85001
2047,1,65,11.85
2047,1,66,7.85001
2047,1,67,6.85001
2047,1,68,6.85001
2047,1,69,2.85001
2047,1,70,0.850006
2047,1,71,4.85001
2047,1,72,0.850006
2047,1,73,3.85001
2047,1,74,0.850006
2047,1,75,4.85001
2047,1,76,3.85001
2047,1,77,3.85001
2047,1,78,3.85001
2047,1,79,5.85001
2047,1,80,7.85001
2047,1,81,9.85001
2047,1,82,9.85001
2047,1,83,9.85001
2047,1,84,4.85001
2047,1,85,4.85001
2047,1,86,-2.14999
2047,1,87,-2.14999
2047,1,88,-0.149994
2047,1,89,-3.14999
2047,1,90,2.85001
2047,1,91,2.85001
2047,1,92,4.85001
2047,1,93,1.85001
2047,1,94,5.85001
2047,1,95,3.85001
2047,1,96,0.850006
2047,1,97,2.85001
2047,1,98,6.85001
2047,1,99,1.85001
2047,1,100,4.85001
2047,1,101,7.85001
2047,1,102,4.85001
2047,1,103,5.85001
2047,1,104,2.85001
2047,1,105,0.850006
2047,1,106,1.85001
2047,1,107,5.85001
2047,1,108,8.85001
2047,1,109,5.85001
2047,1,110,3.85001
2047,1,111,4.85001
2047,1,112,1.85001
2047,1,113,4.85001
2047,1,114,7.85001
2047,1,115,10.85
2047,1,116,6.85001
2047,1,117,4.85001
2047,1,118,3.85001
2047,1,119,4.85001
2047,1,120,2.85001
2047,1,121,5.85001
2047,1,122,8.85001
2047,1,123,4.85001
2047,1,124,1.85001
2047,1,125,-0.149994
2047,1,126,2.85001
2047,1,127,0.850006
2047,1,128,9.85001
2047,1,129,13.85
2047,1,130,10.85
2047,1,131,9.85001
2047,1,132,8.85001
2047,1,133,7.85001
2047,1,134,8.85001
2047,1,135,1.85001
2047,1,136,4.85001
2047,1,137,3.85001
2047,1,138,0.850006
2047,1,139,1.85001
2047,1,140,-0.149994
2047,1,141,0.850006
2047,1,142,-0.149994
2047,1,143,4.85001
2047,1,144,5.85001
2047,1,145,6.85001
2047,1,146,8.85001
2047,1,147,3.85001
2047,1,148,3.85001
2047,1,149,3.85001
2047,1,150,5.85001
2047,1,151,5.85001
2047,1,152,5.85001
2047,1,153,4.85001
2047,1,154,7.85001
2047,1,155,5.85001
2047,1,156,4.85001
2047,1,157,2.85001
2047,1,158,4.85001
2047,1,159,2.85001
2047,1,160,2.85001
2047,1,161,7.85001
2047,1,162,12.85
2047,1,163,10.85
2047,1,164,9.85001
2047,1,165,8.85001
2047,1,166,6.85001
2047,1,167,6.85001
2047,1,168,8.85001
2047,1,169,8.85001
2047,1,170,12.85
2047,1,171,11.85
2047,1,172,9.85001
2047,1,173,10.85
2047,1,174,9.85001
2047,1,175,11.85
2047,1,176,8.85001
2047,1,177,7.85001
2047,1,178,4.85001
2047,1,179,5.85001
2047,1,180,7.85001
2047,1,181,10.85
2047,1,182,6.85001
2047,1,183,5.85001
2047,1,184,3.85001
2047,1,185,4.85001
2047,1,186,7.85001
2047,1,187,9.85001
2047,1,188,11.85
2047,1,189,11.85
2047,1,190,9.85001
2047,1,191,10.85
2047,1,192,10.85
2047,1,193,11.85
2047,1,194,10.85
2047,1,195,8.85001
2047,1,196,7.85001
2047,1,197,9.85001
2047,1,198,9.85001
2047,1,199,8.85001
2047,1,200,8.85001
2047,1,201,9.85001
2047,1,202,11.85
2047,1,203,8.85001
2047,1,204,11.85
2047,1,205,11.85
2047,1,206,12.85
2047,1,207,10.85
2047,1,208,11.85
2047,1,209,10.85
2047,1,210,11.85
2047,1,211,6.85001
2047,1,212,6.85001
2047,1,213,6.85001
2047,1,214,5.85001
2047,1,215,11.85
2047,1,216,7.85001
2047,1,217,7.85001
2047,1,218,6.85001
2047,1,219,9.85001
2047,1,220,6.85001
2047,1,221,0.850006
2047,1,222,2.85001
2047,1,223,9.85001
2047,1,224,16.85
2047,1,225,15.85
2047,1,226,10.85
2047,1,227,8.85001
2047,1,228,1.85001
2047,1,229,1.85001
2047,1,230,1.85001
2047,1,231,5.85001
2047,1,232,7.85001
2047,1,233,8.85001
2047,1,234,9.85001
2047,1,235,6.85001
2047,1,236,8.85001
2047,1,237,4.85001
2047,1,238,10.85
2047,1,239,8.85001
2047,1,240,9.85001
2047,1,241,12.85
2047,1,242,14.85
2047,1,243,16.85
2047,1,244,11.85
2047,1,245,8.85001
2047,1,246,8.85001
2047,1,247,8.85001
2047,1,248,5.85001
2047,1,249,3.85001
2047,1,250,7.85001
2047,1,251,5.85001
2047,1,252,2.85001
2047,1,253,7.85001
2047,1,254,11.85
2047,1,255,9.85001
2047,1,256,6.85001
2047,1,257,8.85001
2047,1,258,12.85
2047,1,259,9.85001
2047,1,260,11.85
2047,1,261,11.85
2047,1,262,7.85001
2047,1,263,5.85001
2047,1,264,5.85001
2047,1,265,8.85001
2047,1,266,5.85001
2047,1,267,7.85001
2047,1,268,5.85001
2047,1,269,4.85001
2047,1,270,4.85001
2047,1,271,3.85001
2047,1,272,8.85001
2047,1,273,7.85001
2047,1,274,11.85
2047,1,275,11.85
2047,1,276,10.85
2047,1,277,11.85
2047,1,278,16.85
2047,1,279,18.85
2047,1,280,13.85
2047,1,281,9.85001
2047,1,282,11.85
2047,1,283,8.85001
2047,1,284,9.85001
2047,1,285,6.85001
2047,1,286,8.85001
2047,1,287,12.85
2047,1,288,67.85
2047,1,289,434.85
2047,1,290,1419.85
2047,1,291,2850.85
2047,1,292,3841.85
2047,1,293,3841.85
2047,1,294,3841.85
2047,1,295,3357.85
2047,1,296,2574.85
2047,1,297,1838.85
2047,1,298,1234.85
2047,1,299,780.85
2047,1,300,468.85
2047,1,301,264.85
2047,1,302,145.85
2047,1,303,85.85
2047,1,304,61.85
2047,1,305,50.85
2047,1,306,50.85
2047,1,307,60.85
2047,1,308,64.85
2047,1,309,77.85
2047,1,310,81.85
2047,1,311,82.85
2047,1,312,87.85
2047,1,313,88.85
2047,1,314,90.85
2047,1,315,90.85
2047,1,316,89.85
2047,1,317,83.85
2047,1,318,87.85
2047,1,319,87.85
2047,1,320,87.85
2047,1,321,84.85
2047,1,322,81.85
2047,1,323,81.85
2047,1,324,83.85
2047,1,325,84.85
2047,1,326,86.85
2047,1,327,82.85
2047,1,328,83.85
2047,1,329,84.85
2047,1,330,84.85
2047,1,331,83.85
2047,1,332,81.85
2047,1,333,83.85
2047,1,334,82.85
2047,1,335,83.85
2047,1,336,79.85
2047,1,337,78.85
2047,1,338,77.85
2047,1,339,77.85
2047,1,340,74.85
2047,1,341,76.85
2047,1,342,75.85
2047,1,343,78.85
2047,1,344,74.85
2047,1,345,75.85
2047,1,346,68.85
2047,1,347,72.85
2047,1,348,74.85
2047,1,349,67.85
2047,1,350,71.85
2047,1,351,69.85
2047,1,352,70.85
2047,1,353,72.85
2047,1,354,69.85
2047,1,355,67.85
2047,1,356,68.85
2047,1,357,66.85
2047,1,358,65.85
2047,1,359,62.85
2047,1,360,67.85
2047,1,361,66.85
2047,1,362,62.85
2047,1,363,63.85
2047,1,364,60.85
2047,1,365,62.85
2047,1,366,59.85
2047,1,367,58.85
2047,1,368,63.85
2047,1,369,54.85
2047,1,370,57.85
2047,1,371,56.85
2047,1,372,55.85
2047,1,373,54.85
2047,1,374,51.85
2047,1,375,50.85
2047,1,376,46.85
2047,1,377,49.85
2047,1,378,44.85
2047,1,379,42.85
2047,1,380,47.85
2047,1,381,42.85
2047,1,382,43.85
2047,1,383,42.85
2047,1,384,40.85
2047,1,385,41.85
2047,1,386,38.85
2047,1,387,37.85
2047,1,388,37.85
2047,1,389,34.85
2047,1,390,30.85
2047,1,391,32.85
2047,1,392,36.85
2047,1,393,38.85
2047,1,394,38.85
2047,1,395,35.85
2047,1,396,29.85
2047,1,397,30.85
2047,1,398,29.85
2047,1,399,28.85
2047,1,400,27.85
2047,1,401,26.85
2047,1,402,22.85
2047,1,403,24.85
2047,1,404,26.85
2047,1,405,26.85
2047,1,406,29.85
2047,1,407,23.85
2047,1,408,21.85
2047,1,409,26.85
2047,1,410,27.85
2047,1,411,24.85
2047,1,412,22.85
2047,1,413,23.85
2047,1,414,24.85
2047,1,415,25.85
2047,1,416,22.85
2047,1,417,22.85
2047,1,418,21.85
2047,1,419,22.85
2047,1,420,24.85
2047,1,421,23.85
2047,1,422,21.85
2047,1,423,22.85
2047,1,424,20.85
2047,1,425,20.85
2047,1,426,20.85
2047,1,427,19.85
2047,1,428,22.85
2047,1,429,18.85
2047,1,430,18.85
2047,1,431,16.85
2047,1,432,13.85
2047,1,433,10.85
2047,1,434,11.85
2047,1,435,14.85
2047,1,436,14.85
2047,1,437,16.85
2047,1,438,17.85
2047,1,439,15.85
2047,1,440,16.85
2047,1,441,18.85
2047,1,442,20.85
2047,1,443,20.85
2047,1,444,16.85
2047,1,445,16.85
2047,1,446,12.85
2047,1,447,11.85
2047,1,448,11.85
2047,1,449,15.85
2047,1,450,14.85
2047,1,451,16.85
2047,1,452,12.85
2047,1,453,10.85
2047,1,454,11.85
2047,1,455,10.85
2047,1,456,18.85
2047,1,457,20.85
2047,1,458,12.85
2047,1,459,11.85
2047,1,460,8.85001
2047,1,461,10.85
2047,1,462,7.85001
2047,1,463,5.85001
2047,1,464,8.85001
2047,1,465,11.85
2047,1,466,15.85
2047,1,467,14.85
2047,1,468,13.85
2047,1,469,11.85
2047,1,470,10.85
2047,1,471,12.85
2047,1,472,5.85001
2047,1,473,6.85001
2047,1,474,10.85
2047,1,475,12.85
2047,1,476,6.85001
2047,1,477,11.85
2047,1,478,13.85
2047,1,479,13.85
2047,1,480,14.85
2047,1,481,15.85
2047,1,482,9.85001
2047,1,483,15.85
2047,1,484,12.85
2047,1,485,6.85001
2047,1,486,3.85001
2047,1,487,8.85001
2047,1,488,10.85
2047,1,489,8.85001
2047,1,490,2.85001
2047,1,491,0.850006
2047,1,492,2.85001
2047,1,493,4.85001
2047,1,494,6.85001
2047,1,495,9.85001
2047,1,496,10.85
2047,1,497,8.85001
2047,1,498,8.85001
2047,1,499,5.85001
2047,1,500,6.85001
2047,1,501,6.85001
2047,1,502,2.85001
2047,1,503,-0.149994
2047,1,504,5.85001
2047,1,505,1.85001
2047,1,506,1.85001
2047,1,507,7.85001
2047,1,508,8.85001
2047,1,509,13.85
2047,1,510,10.85
2047,1,511,10.85
1790,1,0,-32.2
1790,1,1,4.79999
1790,1,2,4.79999
1790,1,3,0.799988
1790,1,4,-1.20001
1790,1,5,-2.20001
1790,1,6,-2.20001
1790,1,7,-3.20001
1790,1,8,-3.20001
1790,1,9,1.79999
1790,1,10,-1.20001
1790,1,11,4.79999
1790,1,12,0.799988
1790,1,13,-0.200012
1790,1,14,4.79999
1790,1,15,1.79999
1790,1,16,2.79999
1790,1,17,4.79999
1790,1,18,7.79999
1790,1,19,5.79999
1790,1,20,3.79999
1790,1,21,-2.20001
1790,1,22,1.79999
1790,1,23,-0.200012
1790,1,24,-0.200012
1790,1,25,-6.20001
1790,1,26,-5.20001
1790,1,27,-1.20001
1790,1,28,0.799988
1790,1,29,-4.20001
1790,1,30,-3.20001
1790,1,31,-2.20001
1790,1,32,3.79999
1790,1,33,5.79999
1790,1,34,7.79999
1790,1,35,6.79999
1790,1,36,7.79999
1790,1,37,5.79999
1790,1,38,6.79999
1790,1,39,7.79999
1790,1,40,6.79999
1790,1,41,5.79999
1790,1,42,6.79999
1790,1,43,4.79999
1790,1,44,1.79999
1790,1,45,3.79999
1790,1,46,6.79999
1790,1,47,1.79999
1790,1,48,0.799988
1790,1,49,2.79999
1790,1,50,-2.20001
1790,1,51,1.79999
1790,1,52,3.79999
1790,1,53,2.79999
1790,1,54,-0.200012
1790,1,55,5.79999
1790,1,56,5.79999
1790,1,57,3.79999
1790,1,58,0.799988
1790,1,59,0.799988
1790,1,60,-3.20001
1790,1,61,-0.200012
1790,1,62,-3.20001
1790,1,63,2.79999
1790,1,64,6.79999
1790,1,65,7.79999
1790,1,66,8.79999
1790,1,67,7.79999
1790,1,68,6.79999
1790,1,69,10.8
1790,1,70,13.8
1790,1,71,12.8
1790,1,72,11.8
1790,1,73,9.79999
1790,1,74,4.79999
1790,1,75,1.79999
1790,1,76,0.799988
1790,1,77,2.79999
1790,1,78,8.79999
1790,1,79,6.79999
1790,1,80,5.79999
1790,1,81,6.79999
1790,1,82,5.79999
1790,1,83,1.79999
1790,1,84,0.799988
1790,1,85,-2.20001
1790,1,86,-5.20001
1790,1,87,-4.20001
1790,1,88,-2.20001
1790,1,89,-1.20001
1790,1,90,4.79999
1790,1,91,2.79999
1790,1,92,7.79999
1790,1,93,5.79999
1790,1,94,2.79999
1790,1,95,3.79999
1790,1,96,4.79999
1790,1,97,6.79999
1790,1,98,4.79999
1790,1,99,2.79999
1790,1,100,1.79999
1790,1,101,5.79999
1790,1,102,5.79999
1790,1,103,3.79999
1790,1,104,2.79999
1790,1,105,4.79999
1790,1,106,5.79999
1790,1,107,2.79999
1790,1,108,-0.200012
1790,1,109,2.79999
1790,1,110,2.79999
1790,1,111,7.79999
1790,1,112,10.8
1790,1,113,5.79999
1790,1,114,-0.200012
1790,1,115,0.799988
1790,1,116,2.79999
1790,1,117,1.79999
1790,1,118,7.79999
1790,1,119,6.79999
1790,1,120,7.79999
1790,1,121,6.79999
1790,1,122,4.79999
1790,1,123,-0.200012
1790,1,124,1.79999
1790,1,125,0.799988
1790,1,126,-1.20001
1790,1,127,0.799988
1790,1,128,1.79999
1790,1,129,1.79999
1790,1,130,2.79999
1790,1,131,8.79999
1790,1,132,4.79999
1790,1,133,5.79999
1790,1,134,4.79999
1790,1,135,1.79999
1790,1,136,1.79999
1790,1,137,0.799988
1790,1,138,1.79999
1790,1,139,3.79999
1790,1,140,6.79999
1790,1,141,5.79999
1790,1,142,6.79999
1790,1,143,5.79999
1790,1,144,3.79999
1790,1,145,6.79999
1790,1,146,5.79999
1790,1,147,6.79999
1790,1,148,10.8
1790,1,149,6.79999
1790,1,150,0.799988
1790,1,151,1.79999
1790,1,152,2.79999
1790,1,153,2.79999
1790,1,154,5.79999
1790,1,155,3.79999
1790,1,156,1.79999
1790,1,157,2.79999
1790,1,158,4.79999
1790,1,159,5.79999
1790,1,160,3.79999
1790,1,161,5.79999
1790,1,162,5.79999
1790,1,163,8.79999
1790,1,164,1.79999
1790,1,165,4.79999
1790,1,166,6.79999
1790,1,167,6.79999
1790,1,168,4.79999
1790,1,169,4.79999
1790,1,170,1.79999
1790,1,171,-3.20001
1790,1,172,1.79999
1790,1,173,4.79999
1790,1,174,4.79999
1790,1,175,8.79999
1790,1,176,4.79999
1790,1,177,8.79999
1790,1,178,4.79999
1790,1,179,7.79999
1790,1,180,6.79999
1790,1,181,7.79999
1790,1,182,5.79999
1790,1,183,8.79999
1790,1,184,7.79999
1790,1,185,5.79999
1790,1,186,4.79999
1790,1,187,7.79999
1790,1,188,4.79999
1790,1,189,4.79999
1790,1,190,5.79999
1790,1,191,10.8
1790,1,192,8.79999
1790,1,193,13.8
1790,1,194,14.8
1790,1,195,17.8
1790,1,196,13.8
1790,1,197,9.79999
1790,1,198,10.8
1790,1,199,7.79999
1790,1,200,9.79999
1790,1,201,8.79999
1790,1,202,13.8
1790,1,203,13.8
1790,1,204,12.8
1790,1,205,10.8
1790,1,206,11.8
1790,1,207,7.79999
1790,1,208,10.8
1790,1,209,4.79999
1790,1,210,10.8
1790,1,211,7.79999
1790,1,212,8.79999
1790,1,213,6.79999
1790,1,214,1.79999
1790,1,215,-0.200012
1790,1,216,2.79999
1790,1,217,1.79999
1790,1,218,5.79999
1790,1,219,6.79999
1790,1,220,6.79999
1790,1,221,6.79999
1790,1,222,9.79999
1790,1,223,9.79999
1790,1,224,7.79999
1790,1,225,7.79999
1790,1,226,8.79999
1790,1,227,11.8
1790,1,228,14.8
1790,1,229,8.79999
1790,1,230,9.79999
1790,1,231,2.79999
1790,1,232,-0.200012
1790,1,233,-0.200012
1790,1,234,0.799988
1790,1,235,3.79999
1790,1,236,6.79999
1790,1,237,5.79999
1790,1,238,6.79999
1790,1,239,6.79999
1790,1,240,5.79999
1790,1,241,1.79999
1790,1,242,0.799988
1790,1,243,1.79999
1790,1,244,5.79999
1790,1,245,7.79999
1790,1,246,7.79999
1790,1,247,7.79999
1790,1,248,7.79999
1790,1,249,6.79999
1790,1,250,6.79999
1790,1,251,4.79999
1790,1,252,5.79999
1790,1,253,7.79999
1790,1,254,9.79999
1790,1,255,7.79999
1790,1,256,7.79999
1790,1,257,10.8
1790,1,258,6.79999
1790,1,259,6.79999
1790,1,260,10.8
1790,1,261,8.79999
1790,1,262,7.79999
1790,1,263,5.79999
1790,1,264,7.79999
1790,1,265,1.79999
1790,1,266,9.79999
1790,1,267,8.79999
1790,1,268,6.79999
1790,1,269,0.799988
1790,1,270,2.79999
1790,1,271,-0.200012
1790,1,272,5.79999
1790,1,273,3.79999
1790,1,274,2.79999
1790,1,275,3.79999
1790,1,276,9.79999
1790,1,277,11.8
1790,1,278,12.8
1790,1,279,11.8
1790,1,280,10.8
1790,1,281,9.79999
1790,1,282,8.79999
1790,1,283,9.79999
1790,1,284,10.8
1790,1,285,6.79999
1790,1,286,8.79999
1790,1,287,29.8
1790,1,288,161.8
1790,1,289,650.8
1790,1,290,1624.8
1790,1,291,2775.8
1790,1,292,3565.8
1790,1,293,3744.8
1790,1,294,3414.8
1790,1,295,2807.8
1790,1,296,2121.8
1790,1,297,1496.8
1790,1,298,987.8
1790,1,299,610.8
1790,1,300,354.8
1790,1,301,191.8
1790,1,302,97.8
1790,1,303,48.8
1790,1,304,29.8
1790,1,305,17.8
1790,1,306,22.8
1790,1,307,31.8
1790,1,308,35.8
1790,1,309,39.8
1790,1,310,42.8
1790,1,311,41.8
1790,1,312,43.8
1790,1,313,43.8
1790,1,314,45.8
1790,1,315,43.8
1790,1,316,43.8
1790,1,317,42.8
1790,1,318,39.8
1790,1,319,38.8
1790,1,320,36.8
1790,1,321,34.8
1790,1,322,36.8
1790,1,323,35.8
1790,1,324,36.8
1790,1,325,38.8
1790,1,326,35.8
1790,1,327,36.8
1790,1,328,33.8
1790,1,329,36.8
1790,1,330,33.8
1790,1,331,34.8
1790,1,332,32.8
1790,1,333,31.8
1790,1,334,30.8
1790,1,335,25.8
1790,1,336,27.8
1790,1,337,28.8
1790,1,338,27.8
1790,1,339,25.8
1790,1,340,25.8
1790,1,341,23.8
1790,1,342,22.8
1790,1,343,23.8
1790,1,344,22.8
1790,1,345,26.8
1790,1,346,27.8
1790,1,347,29.8
1790,1,348,26.8
1790,1,349,25.8
1790,1,350,22.8
1790,1,351,20.8
1790,1,352,18.8
1790,1,353,20.8
1790,1,354,18.8
1790,1,355,19.8
1790,1,356,15.8
1790,1,357,12.8
1790,1,358,12.8
1790,1,359,16.8
1790,1,360,13.8
1790,1,361,17.8
1790,1,362,22.8
1790,1,363,23.8
1790,1,364,21.8
1790,1,365,18.8
1790,1,366,19.8
1790,1,367,22.8
1790,1,368,18.8
1790,1,369,18.8
1790,1,370,18.8
1790,1,371,17.8
1790,1,372,13.8
1790,1,373,16.8
1790,1,374,18.8
1790,1,375,16.8
1790,1,376,18.8
1790,1,377,10.8
1790,1,378,9.79999
1790,1,379,11.8
1790,1,380,9.79999
1790,1,381,10.8
1790,1,382,7.79999
1790,1,383,6.79999
1790,1,384,8.79999
1790,1,385,9.79999
1790,1,386,8.79999
1790,1,387,7.79999
1790,1,388,5.79999
1790,1,389,8.79999
1790,1,390,11.8
1790,1,391,9.79999
1790,1,392,14.8
1790,1,393,13.8
1790,1,394,7.79999
1790,1,395,7.79999
1790,1,396,7.79999
1790,1,397,6.79999
1790,1,398,6.79999
1790,1,399,5.79999
1790,1,400,8.79999
1790,1,401,6.79999
1790,1,402,6.79999
1790,1,403,11.8
1790,1,404,6.79999
1790,1,405,5.79999
1790,1,406,2.79999
1790,1,407,5.79999
1790,1,408,3.79999
1790,1,409,4.79999
1790,1,410,3.79999
1790,1,411,3.79999
1790,1,412,4.79999
1790,1,413,2.79999
1790,1,414,2.79999
1790,1,415,0.799988
1790,1,416,1.79999
1790,1,417,4.79999
1790,1,418,4.79999
1790,1,419,1.79999
1790,1,420,1.79999
1790,1,421,2.79999
1790,1,422,1.79999
1790,1,423,5.79999
1790,1,424,5.79999
1790,1,425,3.79999
1790,1,426,3.79999
1790,1,427,2.79999
1790,1,428,3.79999
1790,1,429,0.799988
1790,1,430,1.79999
1790,1,431,4.79999
1790,1,432,-1.20001
1790,1,433,-0.200012
1790,1,434,-0.200012
1790,1,435,-1.20001
1790,1,436,-1.20001
1790,1,437,1.79999
1790,1,438,6.79999
1790,1,439,0.799988
1790,1,440,-4.20001
1790,1,441,1.79999
1790,1,442,-1.20001
1790,1,443,-5.20001
1790,1,444,0.799988
1790,1,445,0.799988
1790,1,446,-1.20001
1790,1,447,-3.20001
1790,1,448,2.79999
1790,1,449,2.79999
1790,1,450,4.79999
1790,1,451,2.79999
1790,1,452,3.79999
1790,1,453,1.79999
1790,1,454,-2.20001
1790,1,455,-1.20001
1790,1,456,-0.200012
1790,1,457,-1.20001
1790,1,458,-0.200012
1790,1,459,3.79999
1790,1,460,3.79999
1790,1,461,-0.200012
1790,1,462,0.799988
1790,1,463,-1.20001
1790,1,464,0.799988
1790,1,465,-2.20001
1790,1,466,-0.200012
1790,1,467,-5.20001
1790,1,468,-4.20001
1790,1,469,-3.20001
1790,1,470,-0.200012
1790,1,471,1.79999
1790,1,472,4.79999
1790,1,473,-1.20001
1790,1,474,-2.20001
1790,1,475,-1.20001
1790,1,476,2.79999
1790,1,477,-4.20001
1790,1,478,-4.20001
1790,1,479,-9.20001
1790,1,480,-8.20001
1790,1,481,-6.20001
1790,1,482,-6.20001
1790,1,483,-8.20001
1790,1,484,-4.20001
1790,1,485,-3.20001
1790,1,486,0.799988
1790,1,487,-2.20001
1790,1,488,-2.20001
1790,1,489,0.799988
1790,1,490,-6.20001
1790,1,491,-6.20001
1790,1,492,-7.20001
1790,1,493,-8.20001
1790,1,494,-6.20001
1790,1,495,-3.20001
1790,1,496,-2.20001
1790,1,497,-5.20001
1790,1,498,-5.20001
1790,1,499,-8.20001
1790,1,500,-7.20001
1790,1,501,-8.20001
1790,1,502,-2.20001
1790,1,503,-2.20001
1790,1,504,-1.20001
1790,1,505,-8.20001
1790,1,506,-7.20001
1790,1,507,-9.20001
1790,1,508,-8.20001
1790,1,509,-6.20001
1790,1,510,-4.20001
1790,1,511,7.79999
949,2,0,-19.95
949,2,1,8.04999
949,2,2,1.04999
949,2,3,5.04999
949,2,4,4.04999
949,2,5,6.04999
949,2,6,0.0499878
949,2,7,1.04999
949,2,8,0.0499878
949,2,9,2.04999
949,2,10,0.0499878
949,2,11,1.04999
949,2,12,1.04999
949,2,13,0.0499878
949,2,14,-1.95001
949,2,15,-0.950012
949,2,16,-0.950012
949,2,17,-0.950012
949,2,18,-4.95001
949,2,19,0.0499878
949,2,20,-2.95001
949,2,21,-0.950012
949,2,22,3.04999
949,2,23,2.04999
949,2,24,-0.950012
949,2,25,2.04999
949,2,26,4.04999
949,2,27,1.04999
949,2,28,-0.950012
949,2,29,-2.95001
949,2,30,0.0499878
949,2,31,-1.95001
949,2,32,-1.95001
949,2,33,2.04999
949,2,34,-0.950012
949,2,35,2.04999
949,2,36,1.04999
949,2,37,4.04999
949,2,38,2.04999
949,2,39,3.04999
949,2,40,2.04999
949,2,41,3.04999
949,2,42,0.0499878
949,2,43,-0.950012
949,2,44,0.0499878
949,2,45,0.0499878
949,2,46,2.04999
949,2,47,1.04999
949,2,48,2.04999
949,2,49,4.04999
949,2,50,4.04999
949,2,51,3.04999
949,2,52,1.04999
949,2,53,3.04999
949,2,54,2.04999
949,2,55,1.04999
949,2,56,0.0499878
949,2,57,2.04999
949,2,58,5.04999
949,2,59,6.04999
949,2,60,8.04999
949,2,61,7.04999
949,2,62,4.04999
949,2,63,2.04999
949,2,64,1.04999
949,2,65,0.0499878
949,2,66,3.04999
949,2,67,-0.950012
949,2,68,0.0499878
949,2,69,1.04999
949,2,70,4.04999
949,2,71,6.04999
949,2,72,3.04999
949,2,73,1.04999
949,2,74,3.04999
949,2,75,2.04999
949,2,76,1.04999
949,2,77,5.04999
949,2,78,-0.950012
949,2,79,-4.95001
949,2,80,-5.95001
949,2,81,-1.95001
949,2,82,0.0499878
949,2,83,3.04999
949,2,84,1.04999
949,2,85,-0.950012
949,2,86,3.04999
949,2,87,2.04999
949,2,88,1.04999
949,2,89,0.0499878
949,2,90,4.04999
949,2,91,0.0499878
949,2,92,3.04999
949,2,93,0.0499878
949,2,94,-0.950012
949,2,95,-2.95001
949,2,96,1.04999
949,2,97,-0.950012
949,2,98,3.04999
949,2,99,1.04999
949,2,100,0.0499878
949,2,101,-1.95001
949,2,102,-0.950012
949,2,103,-0.950012
949,2,104,0.0499878
949,2,105,2.04999
949,2,106,3.04999
949,2,107,2.04999
949,2,108,2.04999
949,2,109,1.04999
949,2,110,1.04999
949,2,111,0.0499878
949,2,112,2.04999
949,2,113,3.04999
949,2,114,1.04999
949,2,115,5.04999
949,2,116,-3.95001
949,2,117,-0.950012
949,2,118,2.04999
949,2,119,1.04999
949,2,120,2.04999
949,2,121,5.04999
949,2,122,2.04999
949,2,123,6.04999
949,2,124,6.04999
949,2,125,0.0499878
949,2,126,3.04999
949,2,127,0.0499878
949,2,128,0.0499878
949,2,129,2.04999
949,2,130,1.04999
949,2,131,2.04999
949,2,132,2.04999
949,2,133,1.04999
949,2,134,0.0499878
949,2,135,1.04999
949,2,136,2.04999
949,2,137,-0.950012
949,2,138,2.04999
949,2,139,1.04999
949,2,140,0.0499878
949,2,141,3.04999
949,2,142,5.04999
949,2,143,3.04999
949,2,144,3.04999
949,2,145,6.04999
949,2,146,3.04999
949,2,147,5.04999
949,2,148,3.04999
949,2,149,4.04999
949,2,150,4.04999
949,2,151,1.04999
949,2,152,2.04999
949,2,153,2.04999
949,2,154,2.04999
949,2,155,2.04999
949,2,156,-1.95001
949,2,157,6.04999
949,2,158,1.04999
949,2,159,3.04999
949,2,160,1.04999
949,2,161,2.04999
949,2,162,-0.950012
949,2,163,-0.950012
949,2,164,2.04999
949,2,165,2.04999
949,2,166,5.04999
949,2,167,0.0499878
949,2,168,0.0499878
949,2,169,-4.95001
949,2,170,0.0499878
949,2,171,1.04999
949,2,172,-1.95001
949,2,173,-0.950012
949,2,174,-3.95001
949,2,175,-4.95001
949,2,176,-1.95001
949,2,177,-0.950012
949,2,178,2.04999
949,2,179,9.04999
949,2,180,6.04999
949,2,181,6.04999
949,2,182,2.04999
949,2,183,5.04999
949,2,184,2.04999
949,2,185,1.04999
949,2,186,1.04999
949,2,187,5.04999
949,2,188,2.04999
949,2,189,4.04999
949,2,190,3.04999
949,2,191,2.04999
949,2,192,-1.95001
949,2,193,1.04999
949,2,194,-0.950012
949,2,195,3.04999
949,2,196,5.04999
949,2,197,2.04999
949,2,198,5.04999
949,2,199,3.04999
949,2,200,5.04999
949,2,201,4.04999
949,2,202,5.04999
949,2,203,5.04999
949,2,204,2.04999
949,2,205,6.04999
949,2,206,4.04999
949,2,207,5.04999
949,2,208,1.04999
949,2,209,2.04999
949,2,210,4.04999
949,2,211,2.04999
949,2,212,5.04999
949,2,213,5.04999
949,2,214,6.04999
949,2,215,1.04999
949,2,216,2.04999
949,2,217,3.04999
949,2,218,0.0499878
949,2,219,-3.95001
949,2,220,4.04999
949,2,221,3.04999
949,2,222,6.04999
949,2,223,3.04999
949,2,224,7.04999
949,2,225,5.04999
949,2,226,4.04999
949,2,227,3.04999
949,2,228,5.04999
949,2,229,4.04999
949,2,230,4.04999
949,2,231,6.04999
949,2,232,6.04999
949,2,233,3.04999
949,2,234,1.04999
949,2,235,3.04999
949,2,236,5.04999
949,2,237,7.04999
949,2,238,7.04999
949,2,239,9.04999
949,2,240,12.05
949,2,241,12.05
949,2,242,10.05
949,2,243,10.05
949,2,244,7.04999
949,2,245,3.04999
949,2,246,3.04999
949,2,247,1.04999
949,2,248,5.04999
949,2,249,7.04999
949,2,250,7.04999
949,2,251,4.04999
949,2,252,7.04999
949,2,253,7.04999
949,2,254,9.04999
949,2,255,5.04999
949,2,256,4.04999
949,2,257,2.04999
949,2,258,6.04999
949,2,259,6.04999
949,2,260,9.04999
949,2,261,5.04999
949,2,262,2.04999
949,2,263,3.04999
949,2,264,2.04999
949,2,265,-1.95001
949,2,266,5.04999
949,2,267,3.04999
949,2,268,2.04999
949,2,269,6.04999
949,2,270,2.04999
949,2,271,2.04999
949,2,272,2.04999
949,2,273,-0.950012
949,2,274,1.04999
949,2,275,1.04999
949,2,276,3.04999
949,2,277,6.04999
949,2,278,4.04999
949,2,279,7.04999
949,2,280,3.04999
949,2,281,3.04999
949,2,282,9.04999
949,2,283,78.05
949,2,284,303.05
949,2,285,727.05
949,2,286,1244.05
949,2,287,1656.05
949,2,288,1785.05
949,2,289,1661.05
949,2,290,1391.05
949,2,291,1071.05
949,2,292,765.05
949,2,293,510.05
949,2,294,324.05
949,2,295,189.05
949,2,296,98.05
949,2,297,44.05
949,2,298,18.05
949,2,299,1.04999
949,2,300,-0.950012
949,2,301,1.04999
949,2,302,4.04999
949,2,303,12.05
949,2,304,14.05
949,2,305,11.05
949,2,306,15.05
949,2,307,13.05
949,2,308,10.05
949,2,309,9.04999
949,2,310,14.05
949,2,311,13.05
949,2,312,13.05
949,2,313,9.04999
949,2,314,12.05
949,2,315,12.05
949,2,316,14.05
949,2,317,18.05
949,2,318,13.05
949,2,319,5.04999
949,2,320,1.04999
949,2,321,5.04999
949,2,322,5.04999
949,2,323,3.04999
949,2,324,4.04999
949,2,325,4.04999
949,2,326,8.04999
949,2,327,9.04999
949,2,328,8.04999
949,2,329,9.04999
949,2,330,11.05
949,2,331,12.05
949,2,332,9.04999
949,2,333,5.04999
949,2,334,9.04999
949,2,335,8.04999
949,2,336,6.04999
949,2,337,8.04999
949,2,338,10.05
949,2,339,7.04999
949,2,340,4.04999
949,2,341,11.05
949,2,342,12.05
949,2,343,7.04999
949,2,344,5.04999
949,2,345,4.04999
949,2,346,9.04999
949,2,347,10.05
949,2,348,10.05
949,2,349,13.05
949,2,350,9.04999
949,2,351,7.04999
949,2,352,6.04999
949,2,353,6.04999
949,2,354,5.04999
949,2,355,5.04999
949,2,356,5.04999
949,2,357,10.05
949,2,358,5.04999
949,2,359,9.04999
949,2,360,6.04999
949,2,361,11.05
949,2,362,13.05
949,2,363,11.05
949,2,364,6.04999
949,2,365,10.05
949,2,366,4.04999
949,2,367,9.04999
949,2,368,5.04999
949,2,369,7.04999
949,2,370,2.04999
949,2,371,5.04999
949,2,372,8.04999
949,2,373,10.05
949,2,374,8.04999
949,2,375,9.04999
949,2,376,8.04999
949,2,377,8.04999
949,2,378,8.04999
949,2,379,8.04999
949,2,380,7.04999
949,2,381,6.04999
949,2,382,6.04999
949,2,383,9.04999
949,2,384,7.04999
949,2,385,11.05
949,2,386,11.05
949,2,387,10.05
949,2,388,7.04999
949,2,389,6.04999
949,2,390,7.04999
949,2,391,7.04999
949,2,392,10.05
949,2,393,10.05
949,2,394,7.04999
949,2,395,11.05
949,2,396,12.05
949,2,397,13.05
949,2,398,10.05
949,2,399,11.05
949,2,400,13.05
949,2,401,9.04999
949,2,402,6.04999
949,2,403,8.04999
949,2,404,6.04999
949,2,405,6.04999
949,2,406,6.04999
949,2,407,7.04999
949,2,408,9.04999
949,2,409,16.05
949,2,410,11.05
949,2,411,13.05
949,2,412,9.04999
949,2,413,15.05
949,2,414,11.05
949,2,415,9.04999
949,2,416,12.05
949,2,417,6.04999
949,2,418,5.04999
949,2,419,3.04999
949,2,420,6.04999
949,2,421,2.04999
949,2,422,7.04999
949,2,423,10.05
949,2,424,7.04999
949,2,425,11.05
949,2,426,10.05
949,2,427,11.05
949,2,428,11.05
949,2,429,13.05
949,2,430,9.04999
949,2,431,9.04999
949,2,432,13.05
949,2,433,12.05
949,2,434,6.04999
949,2,435,8.04999
949,2,436,9.04999
949,2,437,12.05
949,2,438,8.04999
949,2,439,5.04999
949,2,440,7.04999
949,2,441,13.05
949,2,442,13.05
949,2,443,14.05
949,2,444,14.05
949,2,445,14.05
949,2,446,18.05
949,2,447,16.05
949,2,448,14.05
949,2,449,13.05
949,2,450,12.05
949,2,451,12.05
949,2,452,11.05
949,2,453,11.05
949,2,454,9.04999
949,2,455,13.05
949,2,456,14.05
949,2,457,12.05
949,2,458,10.05
949,2,459,11.05
949,2,460,5.04999
949,2,461,12.05
949,2,462,28.05
949,2,463,47.05
949,2,464,56.05
949,2,465,56.05
949,2,466,49.05
949,2,467,42.05
949,2,468,35.05
949,2,469,27.05
949,2,470,21.05
949,2,471,19.05
949,2,472,11.05
949,2,473,13.05
949,2,474,12.05
949,2,475,10.05
949,2,476,9.04999
949,2,477,10.05
949,2,478,11.05
949,2,479,14.05
949,2,480,14.05
949,2,481,18.05
949,2,482,12.05
949,2,483,8.04999
949,2,484,11.05
949,2,485,12.05
949,2,486,18.05
949,2,487,14.05
949,2,488,13.05
949,2,489,11.05
949,2,490,12.05
949,2,491,13.05
949,2,492,15.05
949,2,493,12.05
949,2,494,9.04999
949,2,495,8.04999
949,2,496,10.05
949,2,497,8.04999
949,2,498,9.04999
949,2,499,11.05
949,2,500,6.04999
949,2,501,8.04999
949,2,502,10.05
949,2,503,10.05
949,2,504,15.05
949,2,505,15.05
949,2,506,12.05
949,2,507,13.05
949,2,508,4.04999
949,2,509,16.05
949,2,510,14.05
949,2,511,14.05
1739,2,0,-27.95
1739,2,1,-1.95001
1739,2,2,0.0499878
1739,2,3,-0.950012
1739,2,4,-0.950012
1739,2,5,2.04999
1739,2,6,5.04999
1739,2,7,4.04999
1739,2,8,1.04999
1739,2,9,-0.950012
1739,2,10,1.04999
1739,2,11,0.0499878
1739,2,12,-0.950012
1739,2,13,-1.95001
1739,2,14,-1.95001
1739,2,15,3.04999
1739,2,16,2.04999
1739,2,17,4.04999
1739,2,18,7.04999
1739,2,19,8.04999
1739,2,20,1.04999
1739,2,21,-0.950012
1739,2,22,3.04999
1739,2,23,10.05
1739,2,24,8.04999
1739,2,25,10.05
1739,2,26,7.04999
1739,2,27,4.04999
1739,2,28,2.04999
1739,2,29,2.04999
1739,2,30,2.04999
1739,2,31,2.04999
1739,2,32,3.04999
1739,2,33,2.04999
1739,2,34,5.04999
1739,2,35,3.04999
1739,2,36,3.04999
1739,2,37,3.04999
1739,2,38,5.04999
1739,2,39,5.04999
1739,2,40,8.04999
1739,2,41,5.04999
1739,2,42,8.04999
1739,2,43,11.05
1739,2,44,8.04999
1739,2,45,8.04999
1739,2,46,5.04999
1739,2,47,-0.950012
1739,2,48,0.0499878
1739,2,49,4.04999
1739,2,50,4.04999
1739,2,51,3.04999
1739,2,52,4.04999
1739,2,53,5.04999
1739,2,54,1.04999
1739,2,55,4.04999
1739,2,56,6.04999
1739,2,57,2.04999
1739,2,58,4.04999
1739,2,59,4.04999
1739,2,60,1.04999
1739,2,61,-1.95001
1739,2,62,4.04999
1739,2,63,2.04999
1739,2,64,4.04999
1739,2,65,8.04999
1739,2,66,4.04999
1739,2,67,5.04999
1739,2,68,3.04999
1739,2,69,3.04999
1739,2,70,7.04999
1739,2,71,12.05
1739,2,72,9.04999
1739,2,73,5.04999
1739,2,74,7.04999
1739,2,75,7.04999
1739,2,76,4.04999
1739,2,77,7.04999
1739,2,78,9.04999
1739,2,79,12.05
1739,2,80,8.04999
1739,2,81,12.05
1739,2,82,5.04999
1739,2,83,11.05
1739,2,84,9.04999
1739,2,85,4.04999
1739,2,86,-0.950012
1739,2,87,-0.950012
1739,2,88,0.0499878
1739,2,89,2.04999
1739,2,90,5.04999
1739,2,91,10.05
1739,2,92,8.04999
1739,2,93,9.04999
1739,2,94,10.05
1739,2,95,7.04999
1739,2,96,9.04999
1739,2,97,10.05
1739,2,98,11.05
1739,2,99,9.04999
1739,2,100,7.04999
1739,2,101,11.05
1739,2,102,9.04999
1739,2,103,12.05
1739,2,104,9.04999
1739,2,105,11.05
1739,2,106,8.04999
1739,2,107,6.04999
1739,2,108,3.04999
1739,2,109,4.04999
1739,2,110,1.04999
1739,2,111,9.04999
1739,2,112,6.04999
1739,2,113,6.04999
1739,2,114,4.04999
1739,2,115,7.04999
1739,2,116,12.05
1739,2,117,9.04999
1739,2,118,6.04999
1739,2,119,9.04999
1739,2,120,15.05
1739,2,121,11.05
1739,2,122,12.05
1739,2,123,15.05
1739,2,124,11.05
1739,2,125,11.05
1739,2,126,9.04999
1739,2,127,7.04999
1739,2,128,11.05
1739,2,129,7.04999
1739,2,130,12.05
1739,2,131,12.05
1739,2,132,7.04999
1739,2,133,3.04999
1739,2,134,3.04999
1739,2,135,4.04999
1739,2,136,5.04999
1739,2,137,4.04999
1739,2,138,5.04999
1739,2,139,5.04999
1739,2,140,4.04999
1739,2,141,3.04999
1739,2,142,6.04999
1739,2,143,6.04999
1739,2,144,8.04999
1739,2,145,10.05
1739,2,146,14.05
1739,2,147,10.05
1739,2,148,11.05
1739,2,149,6.04999
1739,2,150,13.05
1739,2,151,9.04999
1739,2,152,10.05
1739,2,153,11.05
1739,2,154,10.05
1739,2,155,10.05
1739,2,156,6.04999
1739,2,157,7.04999
1739,2,158,6.04999
1739,2,159,2.04999
1739,2,160,2.04999
1739,2,161,7.04999
1739,2,162,11.05
1739,2,163,5.04999
1739,2,164,11.05
1739,2,165,10.05
1739,2,166,12.05
1739,2,167,8.04999
1739,2,168,10.05
1739,2,169,6.04999
1739,2,170,8.04999
1739,2,171,11.05
1739,2,172,12.05
1739,2,173,14.05
1739,2,174,15.05
1739,2,175,10.05
1739,2,176,10.05
1739,2,177,6.04999
1739,2,178,7.04999
1739,2,179,6.04999
1739,2,180,7.04999
1739,2,181,7.04999
1739,2,182,2.04999
1739,2,183,4.04999
1739,2,184,5.04999
1739,2,185,5.04999
1739,2,186,10.05
1739,2,187,13.05
1739,2,188,10.05
1739,2,189,8.04999
1739,2,190,10.05
1739,2,191,15.05
1739,2,192,14.05
1739,2,193,11.05
1739,2,194,16.05
1739,2,195,12.05
1739,2,196,14.05
1739,2,197,11.05
1739,2,198,10.05
1739,2,199,10.05
1739,2,200,9.04999
1739,2,201,6.04999
1739,2,202,9.04999
1739,2,203,8.04999
1739,2,204,12.05
1739,2,205,13.05
1739,2,206,10.05
1739,2,207,14.05
1739,2,208,13.05
1739,2,209,7.04999
1739,2,210,7.04999
1739,2,211,8.04999
1739,2,212,8.04999
1739,2,213,7.04999
1739,2,214,8.04999
1739,2,215,7.04999
1739,2,216,9.04999
1739,2,217,12.05
1739,2,218,13.05
1739,2,219,14.05
1739,2,220,12.05
1739,2,221,11.05
1739,2,222,6.04999
1739,2,223,7.04999
1739,2,224,8.04999
1739,2,225,10.05
1739,2,226,10.05
1739,2,227,10.05
1739,2,228,10.05
1739,2,229,12.05
1739,2,230,12.05
1739,2,231,10.05
1739,2,232,9.04999
1739,2,233,7.04999
1739,2,234,8.04999
1739,2,235,11.05
1739,2,236,14.05
1739,2,237,10.05
1739,2,238,10.05
1739,2,239,10.05
1739,2,240,11.05
1739,2,241,14.05
1739,2,242,13.05
1739,2,243,11.05
1739,2,244,14.05
1739,2,245,14.05
1739,2,246,12.05
1739,2,247,10.05
1739,2,248,12.05
1739,2,249,12.05
1739,2,250,8.04999
1739,2,251,5.04999
1739,2,252,8.04999
1739,2,253,10.05
1739,2,254,17.05
1739,2,255,27.05
1739,2,256,39.05
1739,2,257,46.05
1739,2,258,43.05
1739,2,259,35.05
1739,2,260,29.05
1739,2,261,25.05
1739,2,262,15.05
1739,2,263,17.05
1739,2,264,11.05
1739,2,265,13.05
1739,2,266,12.05
1739,2,267,11.05
1739,2,268,16.05
1739,2,269,14.05
1739,2,270,13.05
1739,2,271,14.05
1739,2,272,14.05
1739,2,273,11.05
1739,2,274,16.05
1739,2,275,12.05
1739,2,276,24.05
1739,2,277,57.05
1739,2,278,211.05
1739,2,279,598.05
1739,2,280,1156.05
1739,2,281,1611.05
1739,2,282,1790.05
1739,2,283,1699.05
1739,2,284,1435.05
1739,2,285,1104.05
1739,2,286,787.05
1739,2,287,525.05
1739,2,288,325.05
1739,2,289,190.05
1739,2,290,100.05
1739,2,291,49.05
1739,2,292,25.05
1739,2,293,11.05
1739,2,294,10.05
1739,2,295,10.05
1739,2,296,10.05
1739,2,297,11.05
1739,2,298,14.05
1739,2,299,17.05
1739,2,300,21.05
1739,2,301,19.05
1739,2,302,21.05
1739,2,303,20.05
1739,2,304,15.05
1739,2,305,17.05
1739,2,306,11.05
1739,2,307,13.05
1739,2,308,16.05
1739,2,309,12.05
1739,2,310,18.05
1739,2,311,18.05
1739,2,312,13.05
1739,2,313,19.05
1739,2,314,21.05
1739,2,315,19.05
1739,2,316,22.05
1739,2,317,20.05
1739,2,318,21.05
1739,2,319,19.05
1739,2,320,17.05
1739,2,321,16.05
1739,2,322,14.05
1739,2,323,16.05
1739,2,324,16.05
1739,2,325,16.05
1739,2,326,15.05
1739,2,327,15.05
1739,2,328,16.05
1739,2,329,17.05
1739,2,330,20.05
1739,2,331,21.05
1739,2,332,20.05
1739,2,333,22.05
1739,2,334,17.05
1739,2,335,14.05
1739,2,336,20.05
1739,2,337,19.05
1739,2,338,26.05
1739,2,339,24.05
1739,2,340,21.05
1739,2,341,21.05
1739,2,342,23.05
1739,2,343,22.05
1739,2,344,21.05
1739,2,345,23.05
1739,2,346,24.05
1739,2,347,28.05
1739,2,348,26.05
1739,2,349,23.05
1739,2,350,17.05
1739,2,351,14.05
1739,2,352,15.05
1739,2,353,11.05
1739,2,354,14.05
1739,2,355,17.05
1739,2,356,24.05
1739,2,357,20.05
1739,2,358,18.05
1739,2,359,13.05
1739,2,360,18.05
1739,2,361,15.05
1739,2,362,20.05
1739,2,363,21.05
1739,2,364,24.05
1739,2,365,23.05
1739,2,366,19.05
1739,2,367,17.05
1739,2,368,22.05
1739,2,369,19.05
1739,2,370,20.05
1739,2,371,16.05
1739,2,372,18.05
1739,2,373,16.05
1739,2,374,15.05
1739,2,375,16.05
1739,2,376,15.05
1739,2,377,14.05
1739,2,378,14.05
1739,2,379,11.05
1739,2,380,14.05
1739,2,381,13.05
1739,2,382,15.05
1739,2,383,18.05
1739,2,384,19.05
1739,2,385,20.05
1739,2,386,16.05
1739,2,387,18.05
1739,2,388,14.05
1739,2,389,11.05
1739,2,390,14.05
1739,2,391,15.05
1739,2,392,18.05
1739,2,393,14.05
1739,2,394,17.05
1739,2,395,19.05
1739,2,396,17.05
1739,2,397,14.05
1739,2,398,18.05
1739,2,399,14.05
1739,2,400,13.05
1739,2,401,12.05
1739,2,402,13.05
1739,2,403,15.05
1739,2,404,15.05
1739,2,405,9.04999
1739,2,406,15.05
1739,2,407,11.05
1739,2,408,17.05
1739,2,409,15.05
1739,2,410,14.05
1739,2,411,17.05
1739,2,412,14.05
1739,2,413,15.05
1739,2,414,16.05
1739,2,415,10.05
1739,2,416,14.05
1739,2,417,13.05
1739,2,418,15.05
1739,2,419,14.05
1739,2,420,15.05
1739,2,421,13.05
1739,2,422,13.05
1739,2,423,14.05
1739,2,424,14.05
1739,2,425,13.05
1739,2,426,10.05
1739,2,427,10.05
1739,2,428,12.05
1739,2,429,12.05
1739,2,430,14.05
1739,2,431,11.05
1739,2,432,12.05
1739,2,433,14.05
1739,2,434,11.05
1739,2,435,11.05
1739,2,436,10.05
1739,2,437,10.05
1739,2,438,15.05
1739,2,439,15.05
1739,2,440,15.05
1739,2,441,20.05
1739,2,442,13.05
1739,2,443,11.05
1739,2,444,12.05
1739,2,445,10.05
1739,2,446,15.05
1739,2,447,8.04999
1739,2,448,8.04999
1739,2,449,7.04999
1739,2,450,11.05
1739,2,451,8.04999
1739,2,452,11.05
1739,2,453,14.05
1739,2,454,15.05
1739,2,455,17.05
1739,2,456,16.05
1739,2,457,14.05
1739,2,458,13.05
1739,2,459,19.05
1739,2,460,12.05
1739,2,461,11.05
1739,2,462,11.05
1739,2,463,14.05
1739,2,464,10.05
1739,2,465,10.05
1739,2,466,13.05
1739,2,467,9.04999
1739,2,468,13.05
1739,2,469,13.05
1739,2,470,11.05
1739,2,471,8.04999
1739,2,472,8.04999
1739,2,473,8.04999
1739,2,474,7.04999
1739,2,475,9.04999
1739,2,476,10.05
1739,2,477,15.05
1739,2,478,17.05
1739,2,479,11.05
1739,2,480,12.05
1739,2,481,15.05
1739,2,482,12.05
1739,2,483,11.05
1739,2,484,15.05
1739,2,485,11.05
1739,2,486,12.05
1739,2,487,8.04999
1739,2,488,7.04999
1739,2,489,8.04999
1739,2,490,15.05
1739,2,491,15.05
1739,2,492,8.04999
1739,2,493,5.04999
1739,2,494,8.04999
1739,2,495,7.04999
1739,2,496,17.05
1739,2,497,16.05
1739,2,498,15.05
1739,2,499,16.05
1739,2,500,18.05
1739,2,501,15.05
1739,2,502,15.05
1739,2,503,13.05
1739,2,504,12.05
1739,2,505,16.05
1739,2,506,11.05
1739,2,507,9.04999
1739,2,508,14.05
1739,2,509,21.05
1739,2,510,13.05
1739,2,511,18.05
2336,3,0,-30.55
2336,3,1,-2.54999
2336,3,2,2.45001
2336,3,3,5.45001
2336,3,4,8.45001
2336,3,5,1.45001
2336,3,6,3.45001
2336,3,7,1.45001
2336,3,8,0.450012
2336,3,9,-6.54999
2336,3,10,-1.54999
2336,3,11,-4.54999
2336,3,12,-3.54999
2336,3,13,-0.549988
2336,3,14,-3.54999
2336,3,15,4.45001
2336,3,16,5.45001
2336,3,17,6.45001
2336,3,18,9.45001
2336,3,19,4.45001
2336,3,20,8.45001
2336,3,21,5.45001
2336,3,22,9.45001
2336,3,23,8.45001
2336,3,24,3.45001
2336,3,25,1.45001
2336,3,26,5.45001
2336,3,27,7.45001
2336,3,28,5.45001
2336,3,29,5.45001
2336,3,30,7.45001
2336,3,31,8.45001
2336,3,32,6.45001
2336,3,33,5.45001
2336,3,34,1.45001
2336,3,35,7.45001
2336,3,36,10.45
2336,3,37,4.45001
2336,3,38,0.450012
2336,3,39,-1.54999
2336,3,40,2.45001
2336,3,41,2.45001
2336,3,42,7.45001
2336,3,43,10.45
2336,3,44,9.45001
2336,3,45,9.45001
2336,3,46,11.45
2336,3,47,9.45001
2336,3,48,10.45
2336,3,49,6.45001
2336,3,50,8.45001
2336,3,51,8.45001
2336,3,52,4.45001
2336,3,53,6.45001
2336,3,54,5.45001
2336,3,55,4.45001
2336,3,56,3.45001
2336,3,57,7.45001
2336,3,58,8.45001
2336,3,59,5.45001
2336,3,60,9.45001
2336,3,61,13.45
2336,3,62,16.45
2336,3,63,11.45
2336,3,64,10.45
2336,3,65,13.45
2336,3,66,14.45
2336,3,67,16.45
2336,3,68,13.45
2336,3,69,9.45001
2336,3,70,10.45
2336,3,71,11.45
2336,3,72,11.45
2336,3,73,11.45
2336,3,74,10.45
2336,3,75,8.45001
2336,3,76,10.45
2336,3,77,5.45001
2336,3,78,14.45
2336,3,79,15.45
2336,3,80,14.45
2336,3,81,12.45
2336,3,82,7.45001
2336,3,83,7.45001
2336,3,84,9.45001
2336,3,85,11.45
2336,3,86,12.45
2336,3,87,9.45001
2336,3,88,10.45
2336,3,89,10.45
2336,3,90,11.45
2336,3,91,12.45
2336,3,92,11.45
2336,3,93,14.45
2336,3,94,15.45
2336,3,95,16.45
2336,3,96,18.45
2336,3,97,19.45
2336,3,98,13.45
2336,3,99,10.45
2336,3,100,9.45001
2336,3,101,10.45
2336,3,102,11.45
2336,3,103,7.45001
2336,3,104,12.45
2336,3,105,11.45
2336,3,106,10.45
2336,3,107,12.45
2336,3,108,13.45
2336,3,109,12.45
2336,3,110,15.45
2336,3,111,15.45
2336,3,112,10.45
2336,3,113,7.45001
2336,3,114,10.45
2336,3,115,10.45
2336,3,116,8.45001
2336,3,117,9.45001
2336,3,118,7.45001
2336,3,119,6.45001
2336,3,120,10.45
2336,3,121,11.45
2336,3,122,13.45
2336,3,123,17.45
2336,3,124,15.45
2336,3,125,13.45
2336,3,126,10.45
2336,3,127,8.45001
2336,3,128,9.45001
2336,3,129,10.45
2336,3,130,9.45001
2336,3,131,10.45
2336,3,132,13.45
2336,3,133,13.45
2336,3,134,8.45001
2336,3,135,8.45001
2336,3,136,8.45001
2336,3,137,6.45001
2336,3,138,10.45
2336,3,139,11.45
2336,3,140,11.45
2336,3,141,15.45
2336,3,142,16.45
2336,3,143,11.45
2336,3,144,10.45
2336,3,145,7.45001
2336,3,146,9.45001
2336,3,147,10.45
2336,3,148,10.45
2336,3,149,11.45
2336,3,150,15.45
2336,3,151,22.45
2336,3,152,19.45
2336,3,153,19.45
2336,3,154,16.45
2336,3,155,18.45
2336,3,156,12.45
2336,3,157,8.45001
2336,3,158,9.45001
2336,3,159,10.45
2336,3,160,13.45
2336,3,161,10.45
2336,3,162,16.45
2336,3,163,8.45001
2336,3,164,8.45001
2336,3,165,8.45001
2336,3,166,9.45001
2336,3,167,4.45001
2336,3,168,8.45001
2336,3,169,5.45001
2336,3,170,7.45001
2336,3,171,4.45001
2336,3,172,9.45001
2336,3,173,7.45001
2336,3,174,4.45001
2336,3,175,6.45001
2336,3,176,10.45
2336,3,177,6.45001
2336,3,178,7.45001
2336,3,179,5.45001
2336,3,180,12.45
2336,3,181,6.45001
2336,3,182,6.45001
2336,3,183,11.45
2336,3,184,10.45
2336,3,185,14.45
2336,3,186,14.45
2336,3,187,14.45
2336,3,188,9.45001
2336,3,189,8.45001
2336,3,190,8.45001
2336,3,191,7.45001
2336,3,192,9.45001
2336,3,193,6.45001
2336,3,194,4.45001
2336,3,195,7.45001
2336,3,196,8.45001
2336,3,197,11.45
2336,3,198,9.45001
2336,3,199,12.45
2336,3,200,14.45
2336,3,201,13.45
2336,3,202,11.45
2336,3,203,9.45001
2336,3,204,3.45001
2336,3,205,5.45001
2336,3,206,7.45001
2336,3,207,10.45
2336,3,208,10.45
2336,3,209,11.45
2336,3,210,6.45001
2336,3,211,5.45001
2336,3,212,7.45001
2336,3,213,10.45
2336,3,214,14.45
2336,3,215,30.45
2336,3,216,43.45
2336,3,217,42.45
2336,3,218,41.45
2336,3,219,37.45
2336,3,220,33.45
2336,3,221,27.45
2336,3,222,22.45
2336,3,223,16.45
2336,3,224,9.45001
2336,3,225,2.45001
2336,3,226,4.45001
2336,3,227,4.45001
2336,3,228,4.45001
2336,3,229,7.45001
2336,3,230,9.45001
2336,3,231,8.45001
2336,3,232,11.45
2336,3,233,10.45
2336,3,234,8.45001
2336,3,235,7.45001
2336,3,236,8.45001
2336,3,237,6.45001
2336,3,238,6.45001
2336,3,239,12.45
2336,3,240,34.45
2336,3,241,109.45
2336,3,242,309.45
2336,3,243,578.45
2336,3,244,759.45
2336,3,245,808.45
2336,3,246,752.45
2336,3,247,635.45
2336,3,248,493.45
2336,3,249,362.45
2336,3,250,246.45
2336,3,251,159.45
2336,3,252,93.45
2336,3,253,56.45
2336,3,254,29.45
2336,3,255,17.45
2336,3,256,10.45
2336,3,257,6.45001
2336,3,258,6.45001
2336,3,259,1.45001
2336,3,260,4.45001
2336,3,261,8.45001
2336,3,262,9.45001
2336,3,263,12.45
2336,3,264,9.45001
2336,3,265,7.45001
2336,3,266,8.45001
2336,3,267,7.45001
2336,3,268,3.45001
2336,3,269,-0.549988
2336,3,270,-0.549988
2336,3,271,2.45001
2336,3,272,4.45001
2336,3,273,8.45001
2336,3,274,7.45001
2336,3,275,12.45
2336,3,276,11.45
2336,3,277,17.45
2336,3,278,11.45
2336,3,279,10.45
2336,3,280,9.45001
2336,3,281,9.45001
2336,3,282,14.45
2336,3,283,10.45
2336,3,284,10.45
2336,3,285,8.45001
2336,3,286,6.45001
2336,3,287,3.45001
2336,3,288,7.45001
2336,3,289,4.45001
2336,3,290,4.45001
2336,3,291,2.45001
2336,3,292,4.45001
2336,3,293,8.45001
2336,3,294,10.45
2336,3,295,7.45001
2336,3,296,8.45001
2336,3,297,1.45001
2336,3,298,3.45001
2336,3,299,6.45001
2336,3,300,8.45001
2336,3,301,7.45001
2336,3,302,11.45
2336,3,303,15.45
2336,3,304,10.45
2336,3,305,9.45001
2336,3,306,4.45001
2336,3,307,7.45001
2336,3,308,7.45001
2336,3,309,11.45
2336,3,310,11.45
2336,3,311,10.45
2336,3,312,11.45
2336,3,313,9.45001
2336,3,314,7.45001
2336,3,315,6.45001
2336,3,316,9.45001
2336,3,317,5.45001
2336,3,318,9.45001
2336,3,319,5.45001
2336,3,320,10.45
2336,3,321,7.45001
2336,3,322,4.45001
2336,3,323,7.45001
2336,3,324,11.45
2336,3,325,15.45
2336,3,326,10.45
2336,3,327,12.45
2336,3,328,15.45
2336,3,329,8.45001
2336,3,330,7.45001
2336,3,331,9.45001
2336,3,332,6.45001
2336,3,333,8.45001
2336,3,334,5.45001
2336,3,335,5.45001
2336,3,336,4.45001
2336,3,337,-0.549988
2336,3,338,0.450012
2336,3,339,6.45001
2336,3,340,6.45001
2336,3,341,3.45001
2336,3,342,9.45001
2336,3,343,11.45
2336,3,344,14.45
2336,3,345,14.45
2336,3,346,12.45
2336,3,347,10.45
2336,3,348,15.45
2336,3,349,9.45001
2336,3,350,9.45001
2336,3,351,9.45001
2336,3,352,6.45001
2336,3,353,12.45
2336,3,354,11.45
2336,3,355,11.45
2336,3,356,12.45
2336,3,357,9.45001
2336,3,358,7.45001
2336,3,359,9.45001
2336,3,360,12.45
2336,3,361,11.45
2336,3,362,9.45001
2336,3,363,6.45001
2336,3,364,13.45
2336,3,365,11.45
2336,3,366,8.45001
2336,3,367,4.45001
2336,3,368,7.45001
2336,3,369,4.45001
2336,3,370,8.45001
2336,3,371,6.45001
2336,3,372,9.45001
2336,3,373,9.45001
2336,3,374,6.45001
2336,3,375,4.45001
2336,3,376,5.45001
2336,3,377,7.45001
2336,3,378,5.45001
2336,3,379,11.45
2336,3,380,14.45
2336,3,381,12.45
2336,3,382,9.45001
2336,3,383,10.45
2336,3,384,7.45001
2336,3,385,3.45001
2336,3,386,6.45001
2336,3,387,7.45001
2336,3,388,13.45
2336,3,389,9.45001
2336,3,390,12.45
2336,3,391,11.45
2336,3,392,7.45001
2336,3,393,8.45001
2336,3,394,5.45001
2336,3,395,4.45001
2336,3,396,9.45001
2336,3,397,3.45001
2336,3,398,7.45001
2336,3,399,7.45001
2336,3,400,8.45001
2336,3,401,9.45001
2336,3,402,7.45001
2336,3,403,6.45001
2336,3,404,10.45
2336,3,405,8.45001
2336,3,406,8.45001
2336,3,407,7.45001
2336,3,408,9.45001
2336,3,409,9.45001
2336,3,410,7.45001
2336,3,411,9.45001
2336,3,412,9.45001
2336,3,413,10.45
2336,3,414,11.45
2336,3,415,9.45001
2336,3,416,12.45
2336,3,417,9.45001
2336,3,418,10.45
2336,3,419,7.45001
2336,3,420,7.45001
2336,3,421,6.45001
2336,3,422,8.45001
2336,3,423,5.45001
2336,3,424,6.45001
2336,3,425,9.45001
2336,3,426,9.45001
2336,3,427,8.45001
2336,3,428,10.45
2336,3,429,14.45
2336,3,430,14.45
2336,3,431,13.45
2336,3,432,14.45
2336,3,433,11.45
2336,3,434,10.45
2336,3,435,12.45
2336,3,436,14.45
2336,3,437,9.45001
2336,3,438,12.45
2336,3,439,12.45
2336,3,440,10.45
2336,3,441,8.45001
2336,3,442,9.45001
2336,3,443,8.45001
2336,3,444,8.45001
2336,3,445,9.45001
2336,3,446,9.45001
2336,3,447,7.45001
2336,3,448,8.45001
2336,3,449,4.45001
2336,3,450,4.45001
2336,3,451,3.45001
2336,3,452,8.45001
2336,3,453,5.45001
2336,3,454,8.45001
2336,3,455,9.45001
2336,3,456,9.45001
2336,3,457,6.45001
2336,3,458,9.45001
2336,3,459,5.45001
2336,3,460,6.45001
2336,3,461,7.45001
2336,3,462,5.45001
2336,3,463,5.45001
2336,3,464,8.45001
2336,3,465,8.45001
2336,3,466,9.45001
2336,3,467,12.45
2336,3,468,14.45
2336,3,469,12.45
2336,3,470,8.45001
2336,3,471,9.45001
2336,3,472,12.45
2336,3,473,13.45
2336,3,474,12.45
2336,3,475,12.45
2336,3,476,11.45
2336,3,477,11.45
2336,3,478,10.45
2336,3,479,10.45
2336,3,480,7.45001
2336,3,481,8.45001
2336,3,482,8.45001
2336,3,483,10.45
2336,3,484,6.45001
2336,3,485,4.45001
2336,3,486,2.45001
2336,3,487,2.45001
2336,3,488,8.45001
2336,3,489,5.45001
2336,3,490,9.45001
2336,3,491,9.45001
2336,3,492,10.45
2336,3,493,6.45001
2336,3,494,7.45001
2336,3,495,6.45001
2336,3,496,4.45001
2336,3,497,8.45001
2336,3,498,8.45001
2336,3,499,13.45
2336,3,500,15.45
2336,3,501,13.45
2336,3,502,16.45
2336,3,503,10.45
2336,3,504,5.45001
2336,3,505,3.45001
2336,3,506,6.45001
2336,3,507,9.45001
2336,3,508,8.45001
2336,3,509,7.45001
2336,3,510,15.45
2336,3,511,9.45001
3494,3,0,-24
3494,3,1,1
3494,3,2,-1
3494,3,3,-1
3494,3,4,3
3494,3,5,4
3494,3,6,3
3494,3,7,-2
3494,3,8,-3
3494,3,9,-2
3494,3,10,1
3494,3,11,-2
3494,3,12,-3
3494,3,13,-4
3494,3,14,0
3494,3,15,0
3494,3,16,5
3494,3,17,5
3494,3,18,10
3494,3,19,10
3494,3,20,12
3494,3,21,9
3494,3,22,11
3494,3,23,6
3494,3,24,6
3494,3,25,5
3494,3,26,3
3494,3,27,4
3494,3,28,0
3494,3,29,3
3494,3,30,1
3494,3,31,-1
3494,3,32,-1
3494,3,33,3
3494,3,34,2
3494,3,35,4
3494,3,36,1
3494,3,37,4
3494,3,38,2
3494,3,39,3
3494,3,40,0
3494,3,41,3
3494,3,42,4
3494,3,43,6
3494,3,44,5
3494,3,45,7
3494,3,46,4
3494,3,47,11
3494,3,48,8
3494,3,49,7
3494,3,50,2
3494,3,51,12
3494,3,52,7
3494,3,53,8
3494,3,54,8
3494,3,55,5
3494,3,56,3
3494,3,57,5
3494,3,58,6
3494,3,59,3
3494,3,60,6
3494,3,61,8
3494,3,62,2
3494,3,63,2
3494,3,64,4
3494,3,65,1
3494,3,66,2
3494,3,67,4
3494,3,68,0
3494,3,69,4
3494,3,70,4
3494,3,71,3
3494,3,72,7
3494,3,73,11
3494,3,74,11
3494,3,75,10
3494,3,76,7
3494,3,77,7
3494,3,78,4
3494,3,79,8
3494,3,80,8
3494,3,81,8
3494,3,82,11
3494,3,83,9
3494,3,84,9
3494,3,85,10
3494,3,86,10
3494,3,87,14
3494,3,88,8
3494,3,89,12
3494,3,90,4
3494,3,91,10
3494,3,92,8
3494,3,93,11
3494,3,94,15
3494,3,95,8
3494,3,96,9
3494,3,97,14
3494,3,98,8
3494,3,99,13
3494,3,100,10
3494,3,101,10
3494,3,102,10
3494,3,103,11
3494,3,104,9
3494,3,105,8
3494,3,106,9
3494,3,107,5
3494,3,108,12
3494,3,109,7
3494,3,110,3
3494,3,111,9
3494,3,112,10
3494,3,113,8
3494,3,114,9
3494,3,115,7
3494,3,116,11
3494,3,117,9
3494,3,118,4
3494,3,119,6
3494,3,120,10
3494,3,121,12
3494,3,122,13
3494,3,123,11
3494,3,124,17
3494,3,125,12
3494,3,126,7
3494,3,127,5
3494,3,128,6
3494,3,129,9
3494,3,130,6
3494,3,131,10
3494,3,132,12
3494,3,133,12
3494,3,134,14
3494,3,135,11
3494,3,136,6
3494,3,137,6
3494,3,138,12
3494,3,139,11
3494,3,140,10
3494,3,141,8
3494,3,142,3
3494,3,143,3
3494,3,144,4
3494,3,145,10
3494,3,146,10
3494,3,147,24
3494,3,148,137
3494,3,149,365
3494,3,150,619
3494,3,151,779
3494,3,152,805
3494,3,153,722
3494,3,154,588
3494,3,155,443
3494,3,156,315
3494,3,157,207
3494,3,158,132
3494,3,159,77
3494,3,160,43
3494,3,161,19
3494,3,162,12
3494,3,163,8
3494,3,164,3
3494,3,165,5
3494,3,166,5
3494,3,167,4
3494,3,168,2
3494,3,169,5
3494,3,170,6
3494,3,171,8
3494,3,172,10
3494,3,173,12
3494,3,174,10
3494,3,175,10
3494,3,176,9
3494,3,177,12
3494,3,178,13
3494,3,179,14
3494,3,180,11
3494,3,181,12
3494,3,182,13
3494,3,183,8
3494,3,184,15
3494,3,185,20
3494,3,186,29
3494,3,187,38
3494,3,188,32
3494,3,189,30
3494,3,190,26
3494,3,191,21
3494,3,192,17
3494,3,193,18
3494,3,194,20
3494,3,195,18
3494,3,196,14
3494,3,197,13
3494,3,198,12
3494,3,199,4
3494,3,200,6
3494,3,201,7
3494,3,202,4
3494,3,203,3
3494,3,204,1
3494,3,205,4
3494,3,206,9
3494,3,207,11
3494,3,208,15
3494,3,209,10
3494,3,210,12
3494,3,211,8
3494,3,212,10
3494,3,213,13
3494,3,214,8
3494,3,215,4
3494,3,216,9
3494,3,217,6
3494,3,218,5
3494,3,219,6
3494,3,220,7
3494,3,221,4
3494,3,222,3
3494,3,223,5
3494,3,224,7
3494,3,225,8
3494,3,226,9
3494,3,227,10
3494,3,228,5
3494,3,229,9
3494,3,230,7
3494,3,231,4
3494,3,232,8
3494,3,233,6
3494,3,234,8
3494,3,235,8
3494,3,236,10
3494,3,237,10
3494,3,238,9
3494,3,239,3
3494,3,240,9
3494,3,241,13
3494,3,242,15
3494,3,243,23
3494,3,244,25
3494,3,245,29
3494,3,246,27
3494,3,247,27
3494,3,248,18
3494,3,249,13
3494,3,250,13
3494,3,251,8
3494,3,252,8
3494,3,253,7
3494,3,254,7
3494,3,255,7
3494,3,256,13
3494,3,257,10
3494,3,258,10
3494,3,259,5
3494,3,260,5
3494,3,261,7
3494,3,262,4
3494,3,263,7
3494,3,264,7
3494,3,265,9
3494,3,266,6
3494,3,267,8
3494,3,268,9
3494,3,269,5
3494,3,270,9
3494,3,271,12
3494,3,272,10
3494,3,273,11
3494,3,274,10
3494,3,275,7
3494,3,276,7
3494,3,277,6
3494,3,278,5
3494,3,279,6
3494,3,280,7
3494,3,281,3
3494,3,282,7
3494,3,283,4
3494,3,284,8
3494,3,285,7
3494,3,286,9
3494,3,287,6
3494,3,288,6
3494,3,289,9
3494,3,290,8
3494,3,291,9
3494,3,292,9
3494,3,293,9
3494,3,294,12
3494,3,295,12
3494,3,296,11
3494,3,297,7
3494,3,298,8
3494,3,299,11
3494,3,300,10
3494,3,301,13
3494,3,302,10
3494,3,303,6
3494,3,304,12
3494,3,305,12
3494,3,306,9
3494,3,307,8
3494,3,308,10
3494,3,309,5
3494,3,310,8
3494,3,311,9
3494,3,312,9
3494,3,313,11
3494,3,314,13
3494,3,315,14
3494,3,316,12
3494,3,317,12
3494,3,318,13
3494,3,319,12
3494,3,320,7
3494,3,321,6
3494,3,322,9
3494,3,323,9
3494,3,324,14
3494,3,325,11
3494,3,326,11
3494,3,327,13
3494,3,328,12
3494,3,329,7
3494,3,330,9
3494,3,331,9
3494,3,332,7
3494,3,333,12
3494,3,334,11
3494,3,335,8
3494,3,336,13
3494,3,337,10
3494,3,338,5
3494,3,339,9
3494,3,340,8
3494,3,341,6
3494,3,342,8
3494,3,343,9
3494,3,344,11
3494,3,345,14
3494,3,346,15
3494,3,347,14
3494,3,348,19
3494,3,349,15
3494,3,350,15
3494,3,351,16
3494,3,352,18
3494,3,353,16
3494,3,354,12
3494,3,355,13
3494,3,356,12
3494,3,357,10
3494,3,358,8
3494,3,359,13
3494,3,360,13
3494,3,361,13
3494,3,362,14
3494,3,363,15
3494,3,364,13
3494,3,365,11
3494,3,366,7
3494,3,367,4
3494,3,368,2
3494,3,369,8
3494,3,370,2
3494,3,371,2
3494,3,372,5
3494,3,373,10
3494,3,374,11
3494,3,375,15
3494,3,376,12
3494,3,377,9
3494,3,378,12
3494,3,379,13
3494,3,380,12
3494,3,381,15
3494,3,382,14
3494,3,383,13
3494,3,384,8
3494,3,385,10
3494,3,386,9
3494,3,387,6
3494,3,388,6
3494,3,389,9
3494,3,390,9
3494,3,391,11
3494,3,392,10
3494,3,393,13
3494,3,394,13
3494,3,395,11
3494,3,396,9
3494,3,397,11
3494,3,398,8
3494,3,399,4
3494,3,400,6
3494,3,401,6
3494,3,402,8
3494,3,403,9
3494,3,404,9
3494,3,405,13
3494,3,406,13
3494,3,407,12
3494,3,408,15
3494,3,409,13
3494,3,410,11
3494,3,411,7
3494,3,412,7
3494,3,413,2
3494,3,414,6
3494,3,415,7
3494,3,416,10
3494,3,417,7
3494,3,418,12
3494,3,419,10
3494,3,420,6
3494,3,421,5
3494,3,422,6
3494,3,423,8
3494,3,424,2
3494,3,425,3
3494,3,426,6
3494,3,427,8
3494,3,428,12
3494,3,429,13
3494,3,430,13
3494,3,431,12
3494,3,432,13
3494,3,433,10
3494,3,434,8
3494,3,435,12
3494,3,436,8
3494,3,437,5
3494,3,438,5
3494,3,439,5
3494,3,440,7
3494,3,441,12
3494,3,442,6
3494,3,443,12
3494,3,444,11
3494,3,445,11
3494,3,446,9
3494,3,447,6
3494,3,448,5
3494,3,449,12
3494,3,450,14
3494,3,451,9
3494,3,452,9
3494,3,453,10
3494,3,454,10
3494,3,455,9
3494,3,456,10
3494,3,457,9
3494,3,458,9
3494,3,459,8
3494,3,460,13
3494,3,461,8
3494,3,462,6
3494,3,463,4
3494,3,464,6
3494,3,465,6
3494,3,466,9
3494,3,467,5
3494,3,468,1
3494,3,469,6
3494,3,470,7
3494,3,471,12
3494,3,472,11
3494,3,473,16
3494,3,474,8
3494,3,475,8
3494,3,476,5
3494,3,477,6
3494,3,478,9
3494,3,479,8
3494,3,480,13
3494,3,481,16
3494,3,482,12
3494,3,483,15
3494,3,484,13
3494,3,485,14
3494,3,486,14
3494,3,487,15
3494,3,488,11
3494,3,489,13
3494,3,490,10
3494,3,491,10
3494,3,492,6
3494,3,493,13
3494,3,494,15
3494,3,495,13
3494,3,496,8
3494,3,497,7
3494,3,498,8
3494,3,499,3
3494,3,500,6
3494,3,501,6
3494,3,502,6
3494,3,503,5
3494,3,504,8
3494,3,505,11
3494,3,506,12
3494,3,507,10
3494,3,508,10
3494,3,509,11
3494,3,510,11
3494,3,511,19
